loss,grad_norm,learning_rate,epoch,step,train_runtime,train_samples_per_second,train_steps_per_second,total_flos,train_loss
0.4978,1.4143115282058716,0.0001,0.006540222367560497,10,,,,,
0.2066,1.3305822610855103,0.0001,0.013080444735120994,20,,,,,
0.3051,2.137873649597168,0.0001,0.01962066710268149,30,,,,,
0.261,1.593315839767456,0.0001,0.026160889470241987,40,,,,,
0.2551,1.9534391164779663,0.0001,0.032701111837802485,50,,,,,
0.2207,1.1822943687438965,0.0001,0.03924133420536298,60,,,,,
0.1758,1.6529916524887085,0.0001,0.04578155657292348,70,,,,,
0.2583,1.0511959791183472,0.0001,0.052321778940483975,80,,,,,
0.2586,1.1712701320648193,0.0001,0.058862001308044476,90,,,,,
0.2395,1.5085538625717163,0.0001,0.06540222367560497,100,,,,,
0.2316,0.9487887024879456,0.0001,0.07194244604316546,110,,,,,
0.2621,1.6922988891601562,0.0001,0.07848266841072596,120,,,,,
0.2504,1.298147439956665,0.0001,0.08502289077828647,130,,,,,
0.2007,1.0392543077468872,0.0001,0.09156311314584696,140,,,,,
0.285,1.6141705513000488,0.0001,0.09810333551340746,150,,,,,
0.1989,2.0680935382843018,0.0001,0.10464355788096795,160,,,,,
0.2285,1.1573377847671509,0.0001,0.11118378024852844,170,,,,,
0.2594,1.171332836151123,0.0001,0.11772400261608895,180,,,,,
0.2431,1.3484917879104614,0.0001,0.12426422498364945,190,,,,,
0.2117,0.9502047300338745,0.0001,0.13080444735120994,200,,,,,
0.1996,1.361557960510254,0.0001,0.13734466971877043,210,,,,,
0.213,2.6516430377960205,0.0001,0.14388489208633093,220,,,,,
0.2346,1.1671046018600464,0.0001,0.15042511445389142,230,,,,,
0.2495,1.5020544528961182,0.0001,0.15696533682145192,240,,,,,
0.2059,1.5324957370758057,0.0001,0.16350555918901244,250,,,,,
0.2428,1.4878498315811157,0.0001,0.17004578155657293,260,,,,,
0.2305,0.8902764320373535,0.0001,0.17658600392413343,270,,,,,
0.2686,1.107793927192688,0.0001,0.18312622629169392,280,,,,,
0.2012,1.7800209522247314,0.0001,0.18966644865925442,290,,,,,
0.2396,1.503458857536316,0.0001,0.1962066710268149,300,,,,,
0.2728,0.7972793579101562,0.0001,0.2027468933943754,310,,,,,
0.2371,0.9846852421760559,0.0001,0.2092871157619359,320,,,,,
0.2317,0.9522757530212402,0.0001,0.2158273381294964,330,,,,,
0.2254,1.692753791809082,0.0001,0.2223675604970569,340,,,,,
0.2188,1.785921335220337,0.0001,0.2289077828646174,350,,,,,
0.2202,2.078298807144165,0.0001,0.2354480052321779,360,,,,,
0.1951,1.2976049184799194,0.0001,0.2419882275997384,370,,,,,
0.2615,1.8483139276504517,0.0001,0.2485284499672989,380,,,,,
0.2387,1.8904434442520142,0.0001,0.25506867233485936,390,,,,,
0.191,1.047660231590271,0.0001,0.2616088947024199,400,,,,,
0.2194,1.2519872188568115,0.0001,0.2681491170699804,410,,,,,
0.2095,1.465036392211914,0.0001,0.27468933943754087,420,,,,,
0.2287,1.2182496786117554,0.0001,0.2812295618051014,430,,,,,
0.2097,0.9590219855308533,0.0001,0.28776978417266186,440,,,,,
0.1765,1.2934515476226807,0.0001,0.2943100065402224,450,,,,,
0.2629,1.4576884508132935,0.0001,0.30085022890778285,460,,,,,
0.2043,1.487159252166748,0.0001,0.30739045127534337,470,,,,,
0.2218,1.821126103401184,0.0001,0.31393067364290383,480,,,,,
0.2643,1.4482293128967285,0.0001,0.32047089601046436,490,,,,,
0.2472,1.2902950048446655,0.0001,0.3270111183780249,500,,,,,
0.2434,1.358488917350769,0.0001,0.33355134074558535,510,,,,,
0.2552,1.0961791276931763,0.0001,0.34009156311314587,520,,,,,
0.1944,2.2658424377441406,0.0001,0.34663178548070633,530,,,,,
0.2484,1.1160821914672852,0.0001,0.35317200784826686,540,,,,,
0.2666,2.1888372898101807,0.0001,0.3597122302158273,550,,,,,
0.1632,0.5397619605064392,0.0001,0.36625245258338784,560,,,,,
0.2234,1.4467836618423462,0.0001,0.3727926749509483,570,,,,,
0.2065,1.3044480085372925,0.0001,0.37933289731850883,580,,,,,
0.1469,0.6269200444221497,0.0001,0.3858731196860693,590,,,,,
0.2398,1.086100697517395,0.0001,0.3924133420536298,600,,,,,
0.2105,1.223233938217163,0.0001,0.39895356442119034,610,,,,,
0.2206,1.0197782516479492,0.0001,0.4054937867887508,620,,,,,
0.2294,0.8310585021972656,0.0001,0.41203400915631133,630,,,,,
0.187,0.8815852999687195,0.0001,0.4185742315238718,640,,,,,
0.195,1.772526502609253,0.0001,0.4251144538914323,650,,,,,
0.2293,0.785044252872467,0.0001,0.4316546762589928,660,,,,,
0.2206,1.653295636177063,0.0001,0.4381948986265533,670,,,,,
0.2011,1.775282859802246,0.0001,0.4447351209941138,680,,,,,
0.2392,3.8345868587493896,0.0001,0.4512753433616743,690,,,,,
0.2099,1.6697447299957275,0.0001,0.4578155657292348,700,,,,,
0.2379,1.4217287302017212,0.0001,0.4643557880967953,710,,,,,
0.1775,0.9707680344581604,0.0001,0.4708960104643558,720,,,,,
0.1874,0.9495013952255249,0.0001,0.4774362328319163,730,,,,,
0.2029,0.9617083072662354,0.0001,0.4839764551994768,740,,,,,
0.23,1.4463987350463867,0.0001,0.49051667756703726,750,,,,,
0.2819,1.4396891593933105,0.0001,0.4970568999345978,760,,,,,
0.2669,1.0025228261947632,0.0001,0.5035971223021583,770,,,,,
0.2366,1.0180542469024658,0.0001,0.5101373446697187,780,,,,,
0.2118,0.9612873196601868,0.0001,0.5166775670372793,790,,,,,
0.1314,0.533039927482605,0.0001,0.5232177894048398,800,,,,,
0.2348,1.8503409624099731,0.0001,0.5297580117724002,810,,,,,
0.2206,1.4668054580688477,0.0001,0.5362982341399608,820,,,,,
0.2001,1.4127286672592163,0.0001,0.5428384565075213,830,,,,,
0.2142,0.910372257232666,0.0001,0.5493786788750817,840,,,,,
0.1622,1.2266921997070312,0.0001,0.5559189012426422,850,,,,,
0.2279,1.3410459756851196,0.0001,0.5624591236102028,860,,,,,
0.2265,0.5604300498962402,0.0001,0.5689993459777632,870,,,,,
0.176,1.0344699621200562,0.0001,0.5755395683453237,880,,,,,
0.1833,0.9176937937736511,0.0001,0.5820797907128843,890,,,,,
0.2337,0.8186683654785156,0.0001,0.5886200130804448,900,,,,,
0.1746,1.6000374555587769,0.0001,0.5951602354480052,910,,,,,
0.2047,1.0174564123153687,0.0001,0.6017004578155657,920,,,,,
0.2316,1.2403147220611572,0.0001,0.6082406801831263,930,,,,,
0.1833,2.1494693756103516,0.0001,0.6147809025506867,940,,,,,
0.2012,1.0667616128921509,0.0001,0.6213211249182472,950,,,,,
0.1666,1.2773182392120361,0.0001,0.6278613472858077,960,,,,,
0.1893,0.569545328617096,0.0001,0.6344015696533682,970,,,,,
0.172,0.6977289319038391,0.0001,0.6409417920209287,980,,,,,
0.2257,0.9578732848167419,0.0001,0.6474820143884892,990,,,,,
0.193,1.0581871271133423,0.0001,0.6540222367560498,1000,,,,,
0.2132,1.2496041059494019,0.0001,0.6605624591236102,1010,,,,,
0.208,0.9664594531059265,0.0001,0.6671026814911707,1020,,,,,
0.1781,0.7691172957420349,0.0001,0.6736429038587312,1030,,,,,
0.2644,1.2575418949127197,0.0001,0.6801831262262917,1040,,,,,
0.2518,0.8401510119438171,0.0001,0.6867233485938522,1050,,,,,
0.2131,1.9279561042785645,0.0001,0.6932635709614127,1060,,,,,
0.182,2.0311341285705566,0.0001,0.6998037933289731,1070,,,,,
0.2011,1.5082708597183228,0.0001,0.7063440156965337,1080,,,,,
0.2064,0.7610206007957458,0.0001,0.7128842380640942,1090,,,,,
0.2293,1.3915777206420898,0.0001,0.7194244604316546,1100,,,,,
0.1515,0.9282811284065247,0.0001,0.7259646827992152,1110,,,,,
0.2037,1.2455134391784668,0.0001,0.7325049051667757,1120,,,,,
0.2022,1.0939867496490479,0.0001,0.7390451275343362,1130,,,,,
0.2003,2.5023465156555176,0.0001,0.7455853499018966,1140,,,,,
0.1618,0.7784809470176697,0.0001,0.7521255722694572,1150,,,,,
0.2055,0.4738381505012512,0.0001,0.7586657946370177,1160,,,,,
0.1496,0.8396881818771362,0.0001,0.7652060170045781,1170,,,,,
0.2584,0.7117257118225098,0.0001,0.7717462393721386,1180,,,,,
0.1411,0.9144489765167236,0.0001,0.7782864617396992,1190,,,,,
0.2244,1.6470216512680054,0.0001,0.7848266841072596,1200,,,,,
0.2347,1.1393771171569824,0.0001,0.7913669064748201,1210,,,,,
0.2501,1.5472391843795776,0.0001,0.7979071288423807,1220,,,,,
0.1914,0.947943389415741,0.0001,0.8044473512099412,1230,,,,,
0.1217,0.7274305820465088,0.0001,0.8109875735775016,1240,,,,,
0.2366,1.1857407093048096,0.0001,0.8175277959450621,1250,,,,,
0.2291,1.3177900314331055,0.0001,0.8240680183126227,1260,,,,,
0.1371,0.6441013216972351,0.0001,0.8306082406801831,1270,,,,,
0.2309,1.352864384651184,0.0001,0.8371484630477436,1280,,,,,
0.168,0.8419010639190674,0.0001,0.8436886854153042,1290,,,,,
0.2315,0.9477145671844482,0.0001,0.8502289077828646,1300,,,,,
0.1829,1.9491140842437744,0.0001,0.8567691301504251,1310,,,,,
0.1686,1.2854479551315308,0.0001,0.8633093525179856,1320,,,,,
0.2176,0.8767474889755249,0.0001,0.8698495748855462,1330,,,,,
0.1767,1.0433149337768555,0.0001,0.8763897972531066,1340,,,,,
0.1997,0.9153875708580017,0.0001,0.8829300196206671,1350,,,,,
0.2117,1.1465734243392944,0.0001,0.8894702419882276,1360,,,,,
0.1683,1.7429800033569336,0.0001,0.8960104643557881,1370,,,,,
0.1701,1.0646308660507202,0.0001,0.9025506867233486,1380,,,,,
0.2873,1.639911413192749,0.0001,0.9090909090909091,1390,,,,,
0.1884,1.4966171979904175,0.0001,0.9156311314584696,1400,,,,,
0.1569,0.7317526936531067,0.0001,0.9221713538260301,1410,,,,,
0.209,1.3226897716522217,0.0001,0.9287115761935906,1420,,,,,
0.1743,1.0574415922164917,0.0001,0.935251798561151,1430,,,,,
0.1724,0.9870671033859253,0.0001,0.9417920209287116,1440,,,,,
0.1846,1.3165745735168457,0.0001,0.9483322432962721,1450,,,,,
0.2335,0.8263607025146484,0.0001,0.9548724656638325,1460,,,,,
0.202,0.6427234411239624,0.0001,0.961412688031393,1470,,,,,
0.1871,0.8400925397872925,0.0001,0.9679529103989536,1480,,,,,
0.2328,1.1046068668365479,0.0001,0.9744931327665141,1490,,,,,
0.2495,1.314940333366394,0.0001,0.9810333551340745,1500,,,,,
0.2159,1.0685111284255981,0.0001,0.9875735775016351,1510,,,,,
0.1994,1.4449121952056885,0.0001,0.9941137998691956,1520,,,,,
0.219,0.7778652310371399,0.0001,1.0006540222367561,1530,,,,,
0.1618,0.9110717177391052,0.0001,1.0071942446043165,1540,,,,,
0.135,0.9098145365715027,0.0001,1.013734466971877,1550,,,,,
0.13,1.4746992588043213,0.0001,1.0202746893394374,1560,,,,,
0.1322,1.0074976682662964,0.0001,1.026814911706998,1570,,,,,
0.1382,0.783227801322937,0.0001,1.0333551340745586,1580,,,,,
0.1319,0.6735460162162781,0.0001,1.039895356442119,1590,,,,,
0.135,0.3908527195453644,0.0001,1.0464355788096795,1600,,,,,
0.1479,1.2092393636703491,0.0001,1.05297580117724,1610,,,,,
0.1332,0.9984211325645447,0.0001,1.0595160235448005,1620,,,,,
0.1795,1.4203161001205444,0.0001,1.066056245912361,1630,,,,,
0.1209,0.7621889710426331,0.0001,1.0725964682799216,1640,,,,,
0.1622,0.7827972769737244,0.0001,1.079136690647482,1650,,,,,
0.1374,1.429815649986267,0.0001,1.0856769130150425,1660,,,,,
0.1358,0.8885601758956909,0.0001,1.0922171353826031,1670,,,,,
0.183,1.0387980937957764,0.0001,1.0987573577501635,1680,,,,,
0.099,1.1701669692993164,0.0001,1.105297580117724,1690,,,,,
0.1488,0.8980945348739624,0.0001,1.1118378024852844,1700,,,,,
0.1332,0.5044365525245667,0.0001,1.118378024852845,1710,,,,,
0.1253,1.0012577772140503,0.0001,1.1249182472204056,1720,,,,,
0.1516,0.7409263849258423,0.0001,1.131458469587966,1730,,,,,
0.1477,0.86541748046875,0.0001,1.1379986919555265,1740,,,,,
0.176,3.5199460983276367,0.0001,1.144538914323087,1750,,,,,
0.1763,1.0550216436386108,0.0001,1.1510791366906474,1760,,,,,
0.1158,1.1648389101028442,0.0001,1.157619359058208,1770,,,,,
0.1373,2.106759786605835,0.0001,1.1641595814257686,1780,,,,,
0.1206,1.5715148448944092,0.0001,1.170699803793329,1790,,,,,
0.1195,0.6594520211219788,0.0001,1.1772400261608895,1800,,,,,
0.1437,1.3585599660873413,0.0001,1.1837802485284499,1810,,,,,
0.182,0.8619349002838135,0.0001,1.1903204708960105,1820,,,,,
0.1361,1.4186972379684448,0.0001,1.196860693263571,1830,,,,,
0.135,0.8503412008285522,0.0001,1.2034009156311314,1840,,,,,
0.1548,0.9340272545814514,0.0001,1.209941137998692,1850,,,,,
0.1336,1.1153455972671509,0.0001,1.2164813603662525,1860,,,,,
0.1446,0.7192098498344421,0.0001,1.223021582733813,1870,,,,,
0.1265,1.7441270351409912,0.0001,1.2295618051013735,1880,,,,,
0.1465,1.3123613595962524,0.0001,1.236102027468934,1890,,,,,
0.1588,1.345483660697937,0.0001,1.2426422498364944,1900,,,,,
0.1533,1.6572282314300537,0.0001,1.249182472204055,1910,,,,,
0.1217,0.7393715977668762,0.0001,1.2557226945716153,1920,,,,,
0.1433,1.2820842266082764,0.0001,1.262262916939176,1930,,,,,
0.1763,1.479223370552063,0.0001,1.2688031393067365,1940,,,,,
0.1588,0.7372076511383057,0.0001,1.2753433616742968,1950,,,,,
0.124,0.8794094324111938,0.0001,1.2818835840418574,1960,,,,,
0.1224,1.1425578594207764,0.0001,1.2884238064094178,1970,,,,,
0.1201,0.7562732100486755,0.0001,1.2949640287769784,1980,,,,,
0.1775,1.4624464511871338,0.0001,1.301504251144539,1990,,,,,
0.1462,0.588433027267456,0.0001,1.3080444735120995,2000,,,,,
0.1416,1.6884156465530396,0.0001,1.3145846958796599,2010,,,,,
0.1475,2.493950843811035,0.0001,1.3211249182472204,2020,,,,,
0.1392,0.9850870966911316,0.0001,1.3276651406147808,2030,,,,,
0.0898,0.7416380047798157,0.0001,1.3342053629823414,2040,,,,,
0.1667,0.5275338888168335,0.0001,1.340745585349902,2050,,,,,
0.1394,1.8415911197662354,0.0001,1.3472858077174623,2060,,,,,
0.1946,1.088199496269226,0.0001,1.353826030085023,2070,,,,,
0.1571,1.2262394428253174,0.0001,1.3603662524525835,2080,,,,,
0.115,1.2888436317443848,0.0001,1.3669064748201438,2090,,,,,
0.1564,1.2255860567092896,0.0001,1.3734466971877044,2100,,,,,
0.1466,1.0475201606750488,0.0001,1.379986919555265,2110,,,,,
0.1187,1.1079857349395752,0.0001,1.3865271419228253,2120,,,,,
0.1676,1.3390377759933472,0.0001,1.393067364290386,2130,,,,,
0.1863,0.9188037514686584,0.0001,1.3996075866579463,2140,,,,,
0.1359,0.669870913028717,0.0001,1.4061478090255068,2150,,,,,
0.1512,0.9055421352386475,0.0001,1.4126880313930674,2160,,,,,
0.1709,1.016980767250061,0.0001,1.4192282537606278,2170,,,,,
0.1623,1.5204750299453735,0.0001,1.4257684761281884,2180,,,,,
0.1394,0.9968472123146057,0.0001,1.432308698495749,2190,,,,,
0.1544,1.1925221681594849,0.0001,1.4388489208633093,2200,,,,,
0.1533,1.0113526582717896,0.0001,1.4453891432308699,2210,,,,,
0.129,2.727896213531494,0.0001,1.4519293655984304,2220,,,,,
0.1542,1.8131250143051147,0.0001,1.4584695879659908,2230,,,,,
0.1433,1.2346240282058716,0.0001,1.4650098103335514,2240,,,,,
0.127,1.4689799547195435,0.0001,1.4715500327011117,2250,,,,,
0.1809,1.067196011543274,0.0001,1.4780902550686723,2260,,,,,
0.1322,0.8439476490020752,0.0001,1.4846304774362329,2270,,,,,
0.1389,1.6882210969924927,0.0001,1.4911706998037935,2280,,,,,
0.1551,2.1419200897216797,0.0001,1.4977109221713538,2290,,,,,
0.1099,1.0982496738433838,0.0001,1.5042511445389142,2300,,,,,
0.1844,1.2457027435302734,0.0001,1.5107913669064748,2310,,,,,
0.1588,0.751376211643219,0.0001,1.5173315892740353,2320,,,,,
0.166,1.1928342580795288,0.0001,1.523871811641596,2330,,,,,
0.1741,0.7294792532920837,0.0001,1.5304120340091563,2340,,,,,
0.1542,1.0476312637329102,0.0001,1.5369522563767168,2350,,,,,
0.1622,1.7214828729629517,0.0001,1.5434924787442772,2360,,,,,
0.1248,0.7650606632232666,0.0001,1.5500327011118378,2370,,,,,
0.1032,1.2211706638336182,0.0001,1.5565729234793984,2380,,,,,
0.1445,1.5812863111495972,0.0001,1.563113145846959,2390,,,,,
0.1291,0.6675220727920532,0.0001,1.5696533682145193,2400,,,,,
0.1156,1.6219826936721802,0.0001,1.5761935905820796,2410,,,,,
0.1481,0.8387174606323242,0.0001,1.5827338129496402,2420,,,,,
0.1434,0.840661883354187,0.0001,1.5892740353172008,2430,,,,,
0.1985,1.8858087062835693,0.0001,1.5958142576847614,2440,,,,,
0.1564,1.6905399560928345,0.0001,1.6023544800523217,2450,,,,,
0.1571,1.3632986545562744,0.0001,1.6088947024198823,2460,,,,,
0.1469,2.1303048133850098,0.0001,1.6154349247874427,2470,,,,,
0.1224,1.4677698612213135,0.0001,1.6219751471550032,2480,,,,,
0.1338,0.9896963834762573,0.0001,1.6285153695225638,2490,,,,,
0.1683,1.6160980463027954,0.0001,1.6350555918901244,2500,,,,,
0.2028,1.3451428413391113,0.0001,1.6415958142576847,2510,,,,,
0.1064,0.47627606987953186,0.0001,1.648136036625245,2520,,,,,
0.1083,1.1629970073699951,0.0001,1.6546762589928057,2530,,,,,
0.1267,0.6672732830047607,0.0001,1.6612164813603663,2540,,,,,
0.144,1.2560255527496338,0.0001,1.6677567037279268,2550,,,,,
0.1327,1.4518431425094604,0.0001,1.6742969260954872,2560,,,,,
0.1434,1.5108596086502075,0.0001,1.6808371484630478,2570,,,,,
0.1523,1.4942493438720703,0.0001,1.6873773708306081,2580,,,,,
0.1365,1.6384228467941284,0.0001,1.6939175931981687,2590,,,,,
0.1669,1.0778546333312988,0.0001,1.7004578155657293,2600,,,,,
0.1951,1.7396612167358398,0.0001,1.7069980379332899,2610,,,,,
0.1915,1.3222664594650269,0.0001,1.7135382603008502,2620,,,,,
0.1513,2.301478862762451,0.0001,1.7200784826684106,2630,,,,,
0.1954,1.5851410627365112,0.0001,1.7266187050359711,2640,,,,,
0.1873,1.1632158756256104,0.0001,1.7331589274035317,2650,,,,,
0.1857,1.711767315864563,0.0001,1.7396991497710923,2660,,,,,
0.1517,1.6072003841400146,0.0001,1.7462393721386529,2670,,,,,
0.1248,0.6646844148635864,0.0001,1.7527795945062132,2680,,,,,
0.1254,1.304269552230835,0.0001,1.7593198168737736,2690,,,,,
0.127,1.0507794618606567,0.0001,1.7658600392413342,2700,,,,,
0.1276,0.905907392501831,0.0001,1.7724002616088947,2710,,,,,
0.1488,1.5391541719436646,0.0001,1.7789404839764553,2720,,,,,
0.1504,1.282859206199646,0.0001,1.7854807063440157,2730,,,,,
0.1478,1.76995849609375,0.0001,1.792020928711576,2740,,,,,
0.1598,1.2446849346160889,0.0001,1.7985611510791366,2750,,,,,
0.1379,0.8162370324134827,0.0001,1.8051013734466972,2760,,,,,
0.1345,0.8077424168586731,0.0001,1.8116415958142578,2770,,,,,
0.1325,1.2067664861679077,0.0001,1.8181818181818183,2780,,,,,
0.155,1.4597883224487305,0.0001,1.8247220405493787,2790,,,,,
0.1808,1.7321569919586182,0.0001,1.831262262916939,2800,,,,,
0.1511,1.9406408071517944,0.0001,1.8378024852844996,2810,,,,,
0.2251,0.897533655166626,0.0001,1.8443427076520602,2820,,,,,
0.1499,1.4323371648788452,0.0001,1.8508829300196208,2830,,,,,
0.2154,2.1141738891601562,0.0001,1.8574231523871811,2840,,,,,
0.1127,0.4745246171951294,0.0001,1.8639633747547415,2850,,,,,
0.1664,0.890450656414032,0.0001,1.870503597122302,2860,,,,,
0.1292,1.2701188325881958,0.0001,1.8770438194898627,2870,,,,,
0.1237,0.5360718965530396,0.0001,1.8835840418574232,2880,,,,,
0.1448,1.3058948516845703,0.0001,1.8901242642249838,2890,,,,,
0.201,1.2131251096725464,0.0001,1.8966644865925442,2900,,,,,
0.1092,1.1990559101104736,0.0001,1.9032047089601045,2910,,,,,
0.1438,1.1043059825897217,0.0001,1.909744931327665,2920,,,,,
0.1472,0.5347634553909302,0.0001,1.9162851536952257,2930,,,,,
0.1335,0.8807909488677979,0.0001,1.9228253760627863,2940,,,,,
0.166,0.9554083943367004,0.0001,1.9293655984303466,2950,,,,,
0.1243,0.8866790533065796,0.0001,1.9359058207979072,2960,,,,,
0.1719,1.092206358909607,0.0001,1.9424460431654675,2970,,,,,
0.1727,1.0047123432159424,0.0001,1.9489862655330281,2980,,,,,
0.1994,1.2708711624145508,0.0001,1.9555264879005887,2990,,,,,
0.1306,1.7625787258148193,0.0001,1.9620667102681493,3000,,,,,
0.1538,0.9936121702194214,0.0001,1.9686069326357096,3010,,,,,
0.1519,1.364516019821167,0.0001,1.97514715500327,3020,,,,,
0.1519,0.9932466149330139,0.0001,1.9816873773708306,3030,,,,,
0.1655,0.7548772096633911,0.0001,1.9882275997383911,3040,,,,,
0.1591,1.4324716329574585,0.0001,1.9947678221059517,3050,,,,,
0.1774,0.7793923020362854,0.0001,2.0013080444735123,3060,,,,,
0.0904,1.4509519338607788,0.0001,2.0078482668410724,3070,,,,,
0.1095,2.1792616844177246,0.0001,2.014388489208633,3080,,,,,
0.0864,0.8686061501502991,0.0001,2.0209287115761936,3090,,,,,
0.0994,1.4075616598129272,0.0001,2.027468933943754,3100,,,,,
0.0797,0.8858820199966431,0.0001,2.0340091563113147,3110,,,,,
0.1195,2.154649496078491,0.0001,2.040549378678875,3120,,,,,
0.1392,0.6911707520484924,0.0001,2.0470896010464354,3130,,,,,
0.1238,1.4892462491989136,0.0001,2.053629823413996,3140,,,,,
0.07,0.7785122394561768,0.0001,2.0601700457815566,3150,,,,,
0.0762,1.00754976272583,0.0001,2.066710268149117,3160,,,,,
0.0744,1.5190017223358154,0.0001,2.0732504905166778,3170,,,,,
0.1247,1.2916370630264282,0.0001,2.079790712884238,3180,,,,,
0.1171,1.194132685661316,0.0001,2.0863309352517985,3190,,,,,
0.0917,0.6652695536613464,0.0001,2.092871157619359,3200,,,,,
0.1222,0.3009454011917114,0.0001,2.0994113799869196,3210,,,,,
0.1321,1.130069375038147,0.0001,2.10595160235448,3220,,,,,
0.0951,1.6845855712890625,0.0001,2.1124918247220403,3230,,,,,
0.0938,1.0565394163131714,0.0001,2.119032047089601,3240,,,,,
0.0997,2.393204689025879,0.0001,2.1255722694571615,3250,,,,,
0.0986,0.8084156513214111,0.0001,2.132112491824722,3260,,,,,
0.0759,0.9307524561882019,0.0001,2.1386527141922826,3270,,,,,
0.0865,1.0679727792739868,0.0001,2.145192936559843,3280,,,,,
0.1254,0.6535866856575012,0.0001,2.1517331589274034,3290,,,,,
0.1073,0.6772655248641968,0.0001,2.158273381294964,3300,,,,,
0.0841,1.4239178895950317,0.0001,2.1648136036625245,3310,,,,,
0.1018,0.867766797542572,0.0001,2.171353826030085,3320,,,,,
0.1014,1.0056272745132446,0.0001,2.1778940483976457,3330,,,,,
0.109,1.6520872116088867,0.0001,2.1844342707652062,3340,,,,,
0.1211,1.2140228748321533,0.0001,2.1909744931327664,3350,,,,,
0.0873,1.1135139465332031,0.0001,2.197514715500327,3360,,,,,
0.1199,0.7765305638313293,0.0001,2.2040549378678875,3370,,,,,
0.105,1.1357566118240356,0.0001,2.210595160235448,3380,,,,,
0.1138,0.6715584993362427,0.0001,2.2171353826030087,3390,,,,,
0.1222,1.4966131448745728,0.0001,2.223675604970569,3400,,,,,
0.0904,0.851008415222168,0.0001,2.2302158273381294,3410,,,,,
0.0969,1.4210233688354492,0.0001,2.23675604970569,3420,,,,,
0.101,0.7891589403152466,0.0001,2.2432962720732506,3430,,,,,
0.0992,0.8707088232040405,0.0001,2.249836494440811,3440,,,,,
0.1044,1.0767278671264648,0.0001,2.2563767168083713,3450,,,,,
0.0898,0.5970250368118286,0.0001,2.262916939175932,3460,,,,,
0.1066,0.865921139717102,0.0001,2.2694571615434924,3470,,,,,
0.0629,1.7249597311019897,0.0001,2.275997383911053,3480,,,,,
0.1079,1.6087512969970703,0.0001,2.2825376062786136,3490,,,,,
0.0877,1.2815349102020264,0.0001,2.289077828646174,3500,,,,,
0.0783,0.7321468591690063,0.0001,2.2956180510137343,3510,,,,,
0.1117,1.2396812438964844,0.0001,2.302158273381295,3520,,,,,
0.1066,1.9863181114196777,0.0001,2.3086984957488554,3530,,,,,
0.0974,0.9930397272109985,0.0001,2.315238718116416,3540,,,,,
0.1164,1.0842925310134888,0.0001,2.3217789404839766,3550,,,,,
0.1051,0.40769246220588684,0.0001,2.328319162851537,3560,,,,,
0.092,0.46265658736228943,0.0001,2.3348593852190973,3570,,,,,
0.1223,1.5594145059585571,0.0001,2.341399607586658,3580,,,,,
0.1235,1.0215091705322266,0.0001,2.3479398299542185,3590,,,,,
0.0952,0.9154776930809021,0.0001,2.354480052321779,3600,,,,,
0.0852,0.8684940934181213,0.0001,2.3610202746893396,3610,,,,,
0.1259,0.9321808815002441,0.0001,2.3675604970568997,3620,,,,,
0.1216,1.893160104751587,0.0001,2.3741007194244603,3630,,,,,
0.1093,1.2071141004562378,0.0001,2.380640941792021,3640,,,,,
0.1031,0.9313151240348816,0.0001,2.3871811641595815,3650,,,,,
0.0855,0.521613597869873,0.0001,2.393721386527142,3660,,,,,
0.1056,1.0393906831741333,0.0001,2.400261608894702,3670,,,,,
0.0983,1.3686822652816772,0.0001,2.4068018312622628,3680,,,,,
0.0911,0.6026814579963684,0.0001,2.4133420536298233,3690,,,,,
0.0914,0.9812809824943542,0.0001,2.419882275997384,3700,,,,,
0.1036,2.3806722164154053,0.0001,2.4264224983649445,3710,,,,,
0.149,1.6648861169815063,0.0001,2.432962720732505,3720,,,,,
0.1172,1.6651486158370972,0.0001,2.439502943100065,3730,,,,,
0.0948,0.8689315915107727,0.0001,2.446043165467626,3740,,,,,
0.0866,0.5038818120956421,0.0001,2.4525833878351864,3750,,,,,
0.1173,4.172199726104736,0.0001,2.459123610202747,3760,,,,,
0.1097,0.4769778847694397,0.0001,2.4656638325703075,3770,,,,,
0.1178,1.847426176071167,0.0001,2.472204054937868,3780,,,,,
0.1227,0.9315415024757385,0.0001,2.4787442773054282,3790,,,,,
0.1147,1.1893879175186157,0.0001,2.485284499672989,3800,,,,,
0.1331,1.172921061515808,0.0001,2.4918247220405494,3810,,,,,
0.0947,0.8003036379814148,0.0001,2.49836494440811,3820,,,,,
0.1094,1.1550723314285278,0.0001,2.5049051667756705,3830,,,,,
0.0875,0.9320424199104309,0.0001,2.5114453891432307,3840,,,,,
0.1218,1.1937018632888794,0.0001,2.5179856115107913,3850,,,,,
0.0881,1.5286154747009277,0.0001,2.524525833878352,3860,,,,,
0.0969,0.9784340858459473,0.0001,2.5310660562459124,3870,,,,,
0.1191,1.037858009338379,0.0001,2.537606278613473,3880,,,,,
0.109,1.6806851625442505,0.0001,2.544146500981033,3890,,,,,
0.1151,1.7424583435058594,0.0001,2.5506867233485937,3900,,,,,
0.1193,1.233199954032898,0.0001,2.5572269457161543,3910,,,,,
0.1063,1.165616750717163,0.0001,2.563767168083715,3920,,,,,
0.1227,0.3587402105331421,0.0001,2.5703073904512754,3930,,,,,
0.1249,0.7131271958351135,0.0001,2.5768476128188356,3940,,,,,
0.121,1.6378904581069946,0.0001,2.5833878351863966,3950,,,,,
0.119,0.4748823344707489,0.0001,2.5899280575539567,3960,,,,,
0.1004,1.1667696237564087,0.0001,2.5964682799215173,3970,,,,,
0.0941,0.8863634467124939,0.0001,2.603008502289078,3980,,,,,
0.1317,1.6487812995910645,0.0001,2.6095487246566385,3990,,,,,
0.0839,2.402589797973633,0.0001,2.616088947024199,4000,,,,,
0.1214,1.2598695755004883,0.0001,2.622629169391759,4010,,,,,
0.1261,1.9745277166366577,0.0001,2.6291693917593197,4020,,,,,
0.0943,0.3835817575454712,0.0001,2.6357096141268803,4030,,,,,
0.1097,0.9579700827598572,0.0001,2.642249836494441,4040,,,,,
0.1268,1.4510393142700195,0.0001,2.6487900588620015,4050,,,,,
0.0699,0.41146329045295715,0.0001,2.6553302812295616,4060,,,,,
0.0954,1.193474292755127,0.0001,2.661870503597122,4070,,,,,
0.1557,3.1311731338500977,0.0001,2.6684107259646828,4080,,,,,
0.1108,1.1759532690048218,0.0001,2.6749509483322433,4090,,,,,
0.1216,2.049753189086914,0.0001,2.681491170699804,4100,,,,,
0.1213,1.7833102941513062,0.0001,2.688031393067364,4110,,,,,
0.103,0.98481285572052,0.0001,2.6945716154349246,4120,,,,,
0.0822,0.3661063611507416,0.0001,2.701111837802485,4130,,,,,
0.1215,0.5293986201286316,0.0001,2.707652060170046,4140,,,,,
0.1526,0.8938500285148621,0.0001,2.7141922825376064,4150,,,,,
0.1172,1.6220430135726929,0.0001,2.720732504905167,4160,,,,,
0.1078,0.7414349913597107,0.0001,2.7272727272727275,4170,,,,,
0.1055,0.9068518280982971,0.0001,2.7338129496402876,4180,,,,,
0.1105,2.085998773574829,0.0001,2.7403531720078482,4190,,,,,
0.1329,0.321113646030426,0.0001,2.746893394375409,4200,,,,,
0.1349,1.768315315246582,0.0001,2.7534336167429694,4210,,,,,
0.1156,0.961319088935852,0.0001,2.75997383911053,4220,,,,,
0.1225,0.9941789507865906,0.0001,2.76651406147809,4230,,,,,
0.1251,0.535174548625946,0.0001,2.7730542838456507,4240,,,,,
0.0981,1.6690887212753296,0.0001,2.7795945062132112,4250,,,,,
0.1232,1.7086291313171387,0.0001,2.786134728580772,4260,,,,,
0.1291,0.5183818936347961,0.0001,2.7926749509483324,4270,,,,,
0.107,1.0762239694595337,0.0001,2.7992151733158925,4280,,,,,
0.1164,1.6069302558898926,0.0001,2.805755395683453,4290,,,,,
0.0992,1.1045366525650024,0.0001,2.8122956180510137,4300,,,,,
0.1363,1.6913762092590332,0.0001,2.8188358404185743,4310,,,,,
0.1145,1.2801719903945923,0.0001,2.825376062786135,4320,,,,,
0.1095,1.6897850036621094,0.0001,2.831916285153695,4330,,,,,
0.0877,1.4862518310546875,0.0001,2.8384565075212556,4340,,,,,
0.0996,0.9637474417686462,0.0001,2.844996729888816,4350,,,,,
0.0994,0.870309591293335,0.0001,2.8515369522563767,4360,,,,,
0.1276,1.3257976770401,0.0001,2.8580771746239373,4370,,,,,
0.125,1.8016654253005981,0.0001,2.864617396991498,4380,,,,,
0.0964,0.7139764428138733,0.0001,2.8711576193590584,4390,,,,,
0.1011,1.563942313194275,0.0001,2.8776978417266186,4400,,,,,
0.1165,0.7788991928100586,0.0001,2.884238064094179,4410,,,,,
0.1132,0.6440045833587646,0.0001,2.8907782864617397,4420,,,,,
0.1128,1.6268258094787598,0.0001,2.8973185088293003,4430,,,,,
0.1355,1.234307050704956,0.0001,2.903858731196861,4440,,,,,
0.132,1.821600079536438,0.0001,2.910398953564421,4450,,,,,
0.1157,1.5865715742111206,0.0001,2.9169391759319816,4460,,,,,
0.095,0.9966966509819031,0.0001,2.923479398299542,4470,,,,,
0.1288,0.6500659584999084,0.0001,2.9300196206671028,4480,,,,,
0.1097,2.393005132675171,0.0001,2.9365598430346633,4490,,,,,
0.1289,1.5825947523117065,0.0001,2.9431000654022235,4500,,,,,
0.1174,0.7963533997535706,0.0001,2.949640287769784,4510,,,,,
0.1027,0.8248711824417114,0.0001,2.9561805101373446,4520,,,,,
0.1288,0.6237077116966248,0.0001,2.962720732504905,4530,,,,,
0.1015,0.5660501718521118,0.0001,2.9692609548724658,4540,,,,,
0.1375,1.9127320051193237,0.0001,2.975801177240026,4550,,,,,
0.1291,1.3604410886764526,0.0001,2.982341399607587,4560,,,,,
0.1082,1.5742003917694092,0.0001,2.988881621975147,4570,,,,,
0.1091,0.9791485667228699,0.0001,2.9954218443427076,4580,,,,,
0.1147,0.47579899430274963,0.0001,3.001962066710268,4590,,,,,
0.0859,0.6797484159469604,0.0001,3.008502289077829,4600,,,,,
0.095,1.651792049407959,0.0001,3.015042511445389,4610,,,,,
0.0886,1.157871127128601,0.0001,3.0215827338129495,4620,,,,,
0.0708,0.22601665556430817,0.0001,3.02812295618051,4630,,,,,
0.0619,0.8481970429420471,0.0001,3.0346631785480707,4640,,,,,
0.0633,1.8711414337158203,0.0001,3.0412034009156312,4650,,,,,
0.075,0.23727279901504517,0.0001,3.047743623283192,4660,,,,,
0.0647,2.3203845024108887,0.0001,3.054283845650752,4670,,,,,
0.0649,0.5732595920562744,0.0001,3.0608240680183125,4680,,,,,
0.0745,0.6740663647651672,0.0001,3.067364290385873,4690,,,,,
0.0887,2.6679821014404297,0.0001,3.0739045127534337,4700,,,,,
0.0832,1.2552030086517334,0.0001,3.0804447351209943,4710,,,,,
0.0904,0.9851199388504028,0.0001,3.0869849574885544,4720,,,,,
0.0545,1.0823372602462769,0.0001,3.093525179856115,4730,,,,,
0.0742,0.8253368139266968,0.0001,3.1000654022236755,4740,,,,,
0.0732,0.9406780004501343,0.0001,3.106605624591236,4750,,,,,
0.0775,1.5660957098007202,0.0001,3.1131458469587967,4760,,,,,
0.084,1.2543230056762695,0.0001,3.1196860693263573,4770,,,,,
0.0869,0.7242513298988342,0.0001,3.1262262916939174,4780,,,,,
0.0888,1.4759979248046875,0.0001,3.132766514061478,4790,,,,,
0.0659,0.9671474099159241,0.0001,3.1393067364290386,4800,,,,,
0.0797,0.6901155710220337,0.0001,3.145846958796599,4810,,,,,
0.0908,1.5116621255874634,0.0001,3.1523871811641597,4820,,,,,
0.082,1.4103034734725952,0.0001,3.1589274035317203,4830,,,,,
0.0507,0.6084257364273071,0.0001,3.1654676258992804,4840,,,,,
0.0807,0.8416301608085632,0.0001,3.172007848266841,4850,,,,,
0.0418,0.597850501537323,0.0001,3.1785480706344016,4860,,,,,
0.1077,0.7769456505775452,0.0001,3.185088293001962,4870,,,,,
0.0787,1.5237643718719482,0.0001,3.1916285153695227,4880,,,,,
0.1007,0.677415668964386,0.0001,3.198168737737083,4890,,,,,
0.0865,0.7049922943115234,0.0001,3.2047089601046435,4900,,,,,
0.0979,0.9860016703605652,0.0001,3.211249182472204,4910,,,,,
0.0754,0.951323926448822,0.0001,3.2177894048397646,4920,,,,,
0.0925,2.1258509159088135,0.0001,3.224329627207325,4930,,,,,
0.0987,0.5121617913246155,0.0001,3.2308698495748853,4940,,,,,
0.0894,0.6364966630935669,0.0001,3.237410071942446,4950,,,,,
0.0886,0.5496469736099243,0.0001,3.2439502943100065,4960,,,,,
0.0894,1.458815097808838,0.0001,3.250490516677567,4970,,,,,
0.0664,1.9349297285079956,0.0001,3.2570307390451276,4980,,,,,
0.0945,1.0963850021362305,0.0001,3.263570961412688,4990,,,,,
0.0764,3.2623651027679443,0.0001,3.2701111837802483,5000,,,,,
0.0633,2.5690619945526123,0.0001,3.276651406147809,5010,,,,,
0.0805,1.1616960763931274,0.0001,3.2831916285153695,5020,,,,,
0.0727,0.486489474773407,0.0001,3.28973185088293,5030,,,,,
0.093,2.876803398132324,0.0001,3.2962720732504907,5040,,,,,
0.0681,1.6360210180282593,0.0001,3.3028122956180512,5050,,,,,
0.0683,2.157862901687622,0.0001,3.3093525179856114,5060,,,,,
0.0807,0.9085155129432678,0.0001,3.315892740353172,5070,,,,,
0.0777,2.534592628479004,0.0001,3.3224329627207325,5080,,,,,
0.0844,2.1993017196655273,0.0001,3.328973185088293,5090,,,,,
0.0829,1.3696390390396118,0.0001,3.3355134074558537,5100,,,,,
0.0963,0.9160963296890259,0.0001,3.342053629823414,5110,,,,,
0.0585,0.786666750907898,0.0001,3.3485938521909744,5120,,,,,
0.0784,0.696463406085968,0.0001,3.355134074558535,5130,,,,,
0.0531,0.42375296354293823,0.0001,3.3616742969260955,5140,,,,,
0.0693,1.105838418006897,0.0001,3.368214519293656,5150,,,,,
0.0888,0.7078076601028442,0.0001,3.3747547416612163,5160,,,,,
0.1076,1.4665988683700562,0.0001,3.381294964028777,5170,,,,,
0.0724,0.25290194153785706,0.0001,3.3878351863963374,5180,,,,,
0.0707,2.076408624649048,0.0001,3.394375408763898,5190,,,,,
0.0931,2.978710889816284,0.0001,3.4009156311314586,5200,,,,,
0.0713,0.3640713095664978,0.0001,3.407455853499019,5210,,,,,
0.1027,0.3075205683708191,0.0001,3.4139960758665793,5220,,,,,
0.0762,1.3892472982406616,0.0001,3.42053629823414,5230,,,,,
0.0854,0.5478823184967041,0.0001,3.4270765206017004,5240,,,,,
0.0618,0.7257430553436279,0.0001,3.433616742969261,5250,,,,,
0.0812,1.609588623046875,0.0001,3.4401569653368216,5260,,,,,
0.0718,1.0898590087890625,0.0001,3.446697187704382,5270,,,,,
0.0573,0.48041871190071106,0.0001,3.4532374100719423,5280,,,,,
0.1013,3.234889268875122,0.0001,3.459777632439503,5290,,,,,
0.0734,0.47984325885772705,0.0001,3.4663178548070634,5300,,,,,
0.0628,1.700352668762207,0.0001,3.472858077174624,5310,,,,,
0.0817,2.074549436569214,0.0001,3.4793982995421846,5320,,,,,
0.1124,1.2798287868499756,0.0001,3.4859385219097447,5330,,,,,
0.1023,1.0214462280273438,0.0001,3.4924787442773053,5340,,,,,
0.0685,0.864959180355072,0.0001,3.499018966644866,5350,,,,,
0.0838,0.9196050763130188,0.0001,3.5055591890124265,5360,,,,,
0.0781,0.4229678809642792,0.0001,3.512099411379987,5370,,,,,
0.075,1.3018264770507812,0.0001,3.518639633747547,5380,,,,,
0.0731,1.3599309921264648,0.0001,3.5251798561151078,5390,,,,,
0.1132,1.400555968284607,0.0001,3.5317200784826683,5400,,,,,
0.1001,0.7845782041549683,0.0001,3.538260300850229,5410,,,,,
0.1168,3.130154848098755,0.0001,3.5448005232177895,5420,,,,,
0.0749,0.9546131491661072,0.0001,3.55134074558535,5430,,,,,
0.0737,1.4546723365783691,0.0001,3.5578809679529106,5440,,,,,
0.0655,1.4057958126068115,0.0001,3.564421190320471,5450,,,,,
0.0625,0.7513971924781799,0.0001,3.5709614126880314,5460,,,,,
0.08,0.2988937795162201,0.0001,3.577501635055592,5470,,,,,
0.0768,0.6726169586181641,0.0001,3.5840418574231525,5480,,,,,
0.0771,1.084956169128418,0.0001,3.590582079790713,5490,,,,,
0.0865,2.374610185623169,0.0001,3.597122302158273,5500,,,,,
0.0848,1.0811890363693237,0.0001,3.603662524525834,5510,,,,,
0.0847,2.195157527923584,0.0001,3.6102027468933944,5520,,,,,
0.0702,1.0298130512237549,0.0001,3.616742969260955,5530,,,,,
0.0797,1.3873353004455566,0.0001,3.6232831916285155,5540,,,,,
0.1109,0.4617655277252197,0.0001,3.6298234139960757,5550,,,,,
0.0948,2.1185967922210693,0.0001,3.6363636363636362,5560,,,,,
0.0877,1.8501912355422974,0.0001,3.642903858731197,5570,,,,,
0.0889,1.4671601057052612,0.0001,3.6494440810987574,5580,,,,,
0.094,1.0070959329605103,0.0001,3.655984303466318,5590,,,,,
0.1114,0.6046905517578125,0.0001,3.662524525833878,5600,,,,,
0.1034,3.8392393589019775,0.0001,3.6690647482014387,5610,,,,,
0.0868,1.3589811325073242,0.0001,3.6756049705689993,5620,,,,,
0.0748,0.31600528955459595,0.0001,3.68214519293656,5630,,,,,
0.0915,1.9733097553253174,0.0001,3.6886854153041204,5640,,,,,
0.0761,0.7064903974533081,0.0001,3.695225637671681,5650,,,,,
0.102,1.047338604927063,0.0001,3.7017658600392416,5660,,,,,
0.1022,1.9482651948928833,0.0001,3.7083060824068017,5670,,,,,
0.1059,0.9462676644325256,0.0001,3.7148463047743623,5680,,,,,
0.0802,0.44207337498664856,0.0001,3.721386527141923,5690,,,,,
0.0788,1.446521282196045,0.0001,3.7279267495094834,5700,,,,,
0.0859,0.7623339295387268,0.0001,3.734466971877044,5710,,,,,
0.0946,1.1164630651474,0.0001,3.741007194244604,5720,,,,,
0.0808,3.370168924331665,0.0001,3.7475474166121647,5730,,,,,
0.0585,0.9749119877815247,0.0001,3.7540876389797253,5740,,,,,
0.0633,0.6455853581428528,0.0001,3.760627861347286,5750,,,,,
0.1089,1.4681085348129272,0.0001,3.7671680837148465,5760,,,,,
0.0841,2.907095432281494,0.0001,3.7737083060824066,5770,,,,,
0.0922,0.6305341124534607,0.0001,3.780248528449967,5780,,,,,
0.0999,4.47713041305542,0.0001,3.7867887508175277,5790,,,,,
0.0822,1.1128445863723755,0.0001,3.7933289731850883,5800,,,,,
0.0806,1.106465220451355,0.0001,3.799869195552649,5810,,,,,
0.1046,3.419264793395996,0.0001,3.806409417920209,5820,,,,,
0.0862,0.527944803237915,0.0001,3.81294964028777,5830,,,,,
0.1009,2.5026328563690186,0.0001,3.81948986265533,5840,,,,,
0.0782,0.3756130039691925,0.0001,3.8260300850228908,5850,,,,,
0.0754,0.9943479895591736,0.0001,3.8325703073904513,5860,,,,,
0.1272,1.4935821294784546,0.0001,3.839110529758012,5870,,,,,
0.1025,1.1091208457946777,0.0001,3.8456507521255725,5880,,,,,
0.0795,0.438235878944397,0.0001,3.8521909744931326,5890,,,,,
0.0928,3.838777780532837,0.0001,3.858731196860693,5900,,,,,
0.0879,1.2256807088851929,0.0001,3.865271419228254,5910,,,,,
0.1013,2.8137214183807373,0.0001,3.8718116415958144,5920,,,,,
0.0631,1.437045931816101,0.0001,3.878351863963375,5930,,,,,
0.1026,1.6743642091751099,0.0001,3.884892086330935,5940,,,,,
0.1089,1.1795233488082886,0.0001,3.8914323086984957,5950,,,,,
0.0879,0.9636924862861633,0.0001,3.8979725310660562,5960,,,,,
0.1038,0.7947263121604919,0.0001,3.904512753433617,5970,,,,,
0.0805,0.8817150592803955,0.0001,3.9110529758011774,5980,,,,,
0.0653,2.0774779319763184,0.0001,3.9175931981687375,5990,,,,,
0.0957,0.9991927146911621,0.0001,3.924133420536298,6000,,,,,
0.0854,0.9681809544563293,0.0001,3.9306736429038587,6010,,,,,
0.1111,1.1430143117904663,0.0001,3.9372138652714193,6020,,,,,
0.0767,2.084908962249756,0.0001,3.94375408763898,6030,,,,,
0.0985,1.0060079097747803,0.0001,3.95029431000654,6040,,,,,
0.1079,0.9060284495353699,0.0001,3.956834532374101,6050,,,,,
0.1011,0.8796669840812683,0.0001,3.963374754741661,6060,,,,,
0.0902,1.0024982690811157,0.0001,3.9699149771092217,6070,,,,,
0.1034,1.743285894393921,0.0001,3.9764551994767823,6080,,,,,
0.0732,2.536419153213501,0.0001,3.982995421844343,6090,,,,,
0.0781,0.48704344034194946,0.0001,3.9895356442119034,6100,,,,,
0.1019,2.031378746032715,0.0001,3.9960758665794636,6110,,,,,
0.0911,0.8943852186203003,0.0001,4.002616088947025,6120,,,,,
0.0663,0.3052726089954376,0.0001,4.009156311314585,6130,,,,,
0.0593,0.4685380458831787,0.0001,4.015696533682145,6140,,,,,
0.0552,1.8968734741210938,0.0001,4.022236756049706,6150,,,,,
0.0685,2.664310932159424,0.0001,4.028776978417266,6160,,,,,
0.0499,1.2794065475463867,0.0001,4.035317200784827,6170,,,,,
0.0566,1.5917975902557373,0.0001,4.041857423152387,6180,,,,,
0.0648,1.5625550746917725,0.0001,4.048397645519947,6190,,,,,
0.0557,0.47091177105903625,0.0001,4.054937867887508,6200,,,,,
0.0557,0.959760308265686,0.0001,4.0614780902550685,6210,,,,,
0.076,1.131671667098999,0.0001,4.0680183126226295,6220,,,,,
0.0569,0.19685706496238708,0.0001,4.07455853499019,6230,,,,,
0.0752,7.221346855163574,0.0001,4.08109875735775,6240,,,,,
0.0669,1.8810774087905884,0.0001,4.087638979725311,6250,,,,,
0.0548,6.428496837615967,0.0001,4.094179202092871,6260,,,,,
0.0677,1.9592504501342773,0.0001,4.100719424460432,6270,,,,,
0.0532,1.218479037284851,0.0001,4.107259646827992,6280,,,,,
0.0896,1.8764830827713013,0.0001,4.113799869195553,6290,,,,,
0.0599,1.7999329566955566,0.0001,4.120340091563113,6300,,,,,
0.0523,1.3580209016799927,0.0001,4.126880313930673,6310,,,,,
0.0513,1.600295901298523,0.0001,4.133420536298234,6320,,,,,
0.0612,1.0666090250015259,0.0001,4.1399607586657945,6330,,,,,
0.0626,1.4079737663269043,0.0001,4.1465009810333555,6340,,,,,
0.0711,0.8893232941627502,0.0001,4.153041203400916,6350,,,,,
0.0536,1.1452763080596924,0.0001,4.159581425768476,6360,,,,,
0.0611,1.5363495349884033,0.0001,4.166121648136037,6370,,,,,
0.0576,1.6336086988449097,0.0001,4.172661870503597,6380,,,,,
0.0575,1.0007293224334717,0.0001,4.179202092871158,6390,,,,,
0.0676,1.061116099357605,0.0001,4.185742315238718,6400,,,,,
0.0511,0.9678072929382324,0.0001,4.192282537606278,6410,,,,,
0.0506,0.9698229432106018,0.0001,4.198822759973839,6420,,,,,
0.063,1.388783574104309,0.0001,4.205362982341399,6430,,,,,
0.0704,0.5634776949882507,0.0001,4.21190320470896,6440,,,,,
0.0589,0.4779929518699646,0.0001,4.2184434270765205,6450,,,,,
0.063,2.491602897644043,0.0001,4.224983649444081,6460,,,,,
0.0676,1.4354666471481323,0.0001,4.231523871811642,6470,,,,,
0.0718,0.6011964082717896,0.0001,4.238064094179202,6480,,,,,
0.0653,0.6528873443603516,0.0001,4.244604316546763,6490,,,,,
0.0559,0.4106723368167877,0.0001,4.251144538914323,6500,,,,,
0.069,1.5244941711425781,0.0001,4.257684761281883,6510,,,,,
0.0533,1.770527958869934,0.0001,4.264224983649444,6520,,,,,
0.0402,1.7000586986541748,0.0001,4.270765206017004,6530,,,,,
0.0568,1.6498842239379883,0.0001,4.277305428384565,6540,,,,,
0.056,0.7966837286949158,0.0001,4.283845650752125,6550,,,,,
0.0667,0.7064303159713745,0.0001,4.290385873119686,6560,,,,,
0.0873,1.295972466468811,0.0001,4.296926095487247,6570,,,,,
0.0666,0.7051211595535278,0.0001,4.303466317854807,6580,,,,,
0.0693,0.3277338147163391,0.0001,4.310006540222368,6590,,,,,
0.0957,2.9237442016601562,0.0001,4.316546762589928,6600,,,,,
0.0388,0.8536835312843323,0.0001,4.323086984957489,6610,,,,,
0.0596,0.4890100359916687,0.0001,4.329627207325049,6620,,,,,
0.0682,0.6478797197341919,0.0001,4.336167429692609,6630,,,,,
0.0478,0.4965035021305084,0.0001,4.34270765206017,6640,,,,,
0.0588,1.3697702884674072,0.0001,4.34924787442773,6650,,,,,
0.0542,0.6115894317626953,0.0001,4.355788096795291,6660,,,,,
0.0895,2.973785161972046,0.0001,4.3623283191628515,6670,,,,,
0.0698,1.4742505550384521,0.0001,4.3688685415304125,6680,,,,,
0.067,2.0545730590820312,0.0001,4.375408763897973,6690,,,,,
0.0752,1.1705118417739868,0.0001,4.381948986265533,6700,,,,,
0.056,1.6944639682769775,0.0001,4.388489208633094,6710,,,,,
0.0883,0.5974100828170776,0.0001,4.395029431000654,6720,,,,,
0.0777,1.0846344232559204,0.0001,4.401569653368215,6730,,,,,
0.0804,1.2412258386611938,0.0001,4.408109875735775,6740,,,,,
0.0564,1.4785935878753662,0.0001,4.414650098103335,6750,,,,,
0.0445,1.5842381715774536,0.0001,4.421190320470896,6760,,,,,
0.0612,0.6843369007110596,0.0001,4.427730542838456,6770,,,,,
0.0664,1.0753406286239624,0.0001,4.434270765206017,6780,,,,,
0.0755,1.9079631567001343,0.0001,4.4408109875735775,6790,,,,,
0.0722,0.5922425985336304,0.0001,4.447351209941138,6800,,,,,
0.0638,0.5922701358795166,0.0001,4.453891432308699,6810,,,,,
0.0747,0.7110435366630554,0.0001,4.460431654676259,6820,,,,,
0.0578,1.0424293279647827,0.0001,4.46697187704382,6830,,,,,
0.0575,2.799722194671631,0.0001,4.47351209941138,6840,,,,,
0.0823,1.0959314107894897,0.0001,4.48005232177894,6850,,,,,
0.0588,1.750627040863037,0.0001,4.486592544146501,6860,,,,,
0.0548,1.976224660873413,0.0001,4.493132766514061,6870,,,,,
0.0593,0.7566088438034058,0.0001,4.499672988881622,6880,,,,,
0.0715,1.2694462537765503,0.0001,4.506213211249182,6890,,,,,
0.0801,0.7298410534858704,0.0001,4.5127534336167425,6900,,,,,
0.075,0.8805145621299744,0.0001,4.5192936559843035,6910,,,,,
0.0759,2.0845189094543457,0.0001,4.525833878351864,6920,,,,,
0.0615,2.878429412841797,0.0001,4.532374100719425,6930,,,,,
0.0557,1.1578134298324585,0.0001,4.538914323086985,6940,,,,,
0.0597,1.6653876304626465,0.0001,4.545454545454545,6950,,,,,
0.093,0.5733777284622192,0.0001,4.551994767822106,6960,,,,,
0.0651,1.4270734786987305,0.0001,4.558534990189666,6970,,,,,
0.0791,1.722327470779419,0.0001,4.565075212557227,6980,,,,,
0.0562,0.39063382148742676,0.0001,4.571615434924787,6990,,,,,
0.0816,1.5044738054275513,0.0001,4.578155657292348,7000,,,,,
0.0746,1.608803629875183,0.0001,4.584695879659908,7010,,,,,
0.0586,0.4248150587081909,0.0001,4.591236102027469,7020,,,,,
0.0406,0.2941757142543793,0.0001,4.59777632439503,7030,,,,,
0.06,2.458209276199341,0.0001,4.60431654676259,7040,,,,,
0.0863,1.1241686344146729,0.0001,4.610856769130151,7050,,,,,
0.0674,2.1460816860198975,0.0001,4.617396991497711,7060,,,,,
0.0484,0.916898787021637,0.0001,4.623937213865272,7070,,,,,
0.0668,2.6043434143066406,0.0001,4.630477436232832,7080,,,,,
0.0681,0.6981370449066162,0.0001,4.637017658600392,7090,,,,,
0.0731,1.2639098167419434,0.0001,4.643557880967953,7100,,,,,
0.0919,1.6146602630615234,0.0001,4.650098103335513,7110,,,,,
0.0522,0.8472965955734253,0.0001,4.656638325703074,7120,,,,,
0.0434,0.7596362233161926,0.0001,4.6631785480706345,7130,,,,,
0.0751,1.190316915512085,0.0001,4.669718770438195,7140,,,,,
0.0836,1.9340580701828003,0.0001,4.676258992805756,7150,,,,,
0.0618,1.7079589366912842,0.0001,4.682799215173316,7160,,,,,
0.0633,1.7119773626327515,0.0001,4.689339437540877,7170,,,,,
0.0717,0.9238991141319275,0.0001,4.695879659908437,7180,,,,,
0.0914,2.0324742794036865,0.0001,4.702419882275997,7190,,,,,
0.0674,1.4356868267059326,0.0001,4.708960104643558,7200,,,,,
0.0733,1.1472042798995972,0.0001,4.715500327011118,7210,,,,,
0.0695,0.09936250746250153,0.0001,4.722040549378679,7220,,,,,
0.0554,0.1849541813135147,0.0001,4.728580771746239,7230,,,,,
0.0731,1.9228434562683105,0.0001,4.7351209941137995,7240,,,,,
0.0695,0.5240210294723511,0.0001,4.7416612164813605,7250,,,,,
0.0719,3.0845842361450195,0.0001,4.748201438848921,7260,,,,,
0.0794,3.66546368598938,0.0001,4.754741661216482,7270,,,,,
0.0755,1.7339345216751099,0.0001,4.761281883584042,7280,,,,,
0.0631,1.0963627099990845,0.0001,4.767822105951602,7290,,,,,
0.0952,0.9198384284973145,0.0001,4.774362328319163,7300,,,,,
0.0784,1.7614154815673828,0.0001,4.780902550686723,7310,,,,,
0.0701,0.5574584603309631,0.0001,4.787442773054284,7320,,,,,
0.0923,3.5196657180786133,0.0001,4.793982995421844,7330,,,,,
0.0837,0.49513739347457886,0.0001,4.800523217789404,7340,,,,,
0.0651,2.9264261722564697,0.0001,4.807063440156965,7350,,,,,
0.0769,1.1527116298675537,0.0001,4.8136036625245255,7360,,,,,
0.054,1.3753156661987305,0.0001,4.820143884892087,7370,,,,,
0.0691,0.6600818037986755,0.0001,4.826684107259647,7380,,,,,
0.0606,0.6952769756317139,0.0001,4.833224329627207,7390,,,,,
0.0958,1.093205213546753,0.0001,4.839764551994768,7400,,,,,
0.0527,2.8814597129821777,0.0001,4.846304774362328,7410,,,,,
0.0645,1.194803237915039,0.0001,4.852844996729889,7420,,,,,
0.0923,1.5508736371994019,0.0001,4.859385219097449,7430,,,,,
0.0879,0.7990475296974182,0.0001,4.86592544146501,7440,,,,,
0.0675,1.3815662860870361,0.0001,4.87246566383257,7450,,,,,
0.0669,0.5493401885032654,0.0001,4.87900588620013,7460,,,,,
0.0642,0.21019835770130157,0.0001,4.8855461085676914,7470,,,,,
0.098,0.7250314950942993,0.0001,4.892086330935252,7480,,,,,
0.0876,2.147982358932495,0.0001,4.898626553302813,7490,,,,,
0.0513,0.5081881284713745,0.0001,4.905166775670373,7500,,,,,
0.0614,1.2537893056869507,0.0001,4.911706998037934,7510,,,,,
0.092,1.645423173904419,0.0001,4.918247220405494,7520,,,,,
0.0659,1.4035005569458008,0.0001,4.924787442773054,7530,,,,,
0.0827,1.3998339176177979,0.0001,4.931327665140615,7540,,,,,
0.0807,1.3934900760650635,0.0001,4.937867887508175,7550,,,,,
0.0729,1.6517491340637207,0.0001,4.944408109875736,7560,,,,,
0.0671,1.4319970607757568,0.0001,4.950948332243296,7570,,,,,
0.0523,0.5128609538078308,0.0001,4.9574885546108565,7580,,,,,
0.0667,1.6067525148391724,0.0001,4.9640287769784175,7590,,,,,
0.0744,0.5409177541732788,0.0001,4.970568999345978,7600,,,,,
0.0587,1.164125680923462,0.0001,4.977109221713539,7610,,,,,
0.0882,1.5630600452423096,0.0001,4.983649444081099,7620,,,,,
0.0653,0.9192838072776794,0.0001,4.990189666448659,7630,,,,,
0.0656,1.084830641746521,0.0001,4.99672988881622,7640,,,,,
,,,5.0,7645,11143.1341,2.744,0.686,4.945536597796946e+17,0.12503060499697125
